Threshold,Avg_Correlation,Count
0%,0.5008149019263985,70
10%,0.6732164807061513,33
20%,0.6581211431905563,19
30%,0.600507422301419,9
